n,set,Xloc,Yloc,Landuse,Rock,Rock_name,Cd,Co,Cr,Cu,Ni,Pb,Zn,Cd_log2,Cd_log10,Cd_ln,Pb_log2,Pb_log10,Pb_ln
1,cal,2.386,3.077,3,3,Sequanian,1.74,9.32,38.32,25.72,21.32,77.36,92.56,0.799087306,0.240549248,0.553885113,6.27351589,1.888516461,4.348469851
2,cal,2.544,1.972,2,2,Kimmeridgian,1.335,10,40.2,24.76,29.72,77.88,73.56,0.416839742,0.125481266,0.288931292,6.283180979,1.891425943,4.355169181
3,cal,2.807,3.347,2,3,Sequanian,1.61,10.6,47,8.88,21.4,30.8,64.8,0.687060688,0.206825876,0.476234179,4.944858446,1.488550717,3.42751469
4,cal,4.308,1.933,3,2,Kimmeridgian,2.15,11.92,43.52,22.7,29.72,56.4,90,1.10433666,0.33243846,0.765467842,5.817623258,1.751279104,4.032469159
5,cal,4.383,1.081,3,5,Quaternary,1.565,16.32,38.52,34.32,26.2,66.4,88.4,0.646162657,0.194514342,0.447885824,6.053111336,1.822168079,4.195697056
6,cal,3.244,4.519,3,5,Quaternary,1.145,3.508,40.4,31.28,22.04,72.4,75.2,0.195347598,0.058805487,0.135404637,6.177917792,1.859738566,4.282206299
7,cal,3.925,3.785,3,5,Quaternary,0.894,15.08,30.52,27.44,21.76,60,72.4,-0.161653263,-0.048662481,-0.112049504,5.906890596,1.77815125,4.094344562
8,cal,2.116,3.498,3,1,Argovian,0.525,4.2,25.4,66.12,9.72,141,72.08,-0.929610672,-0.279840697,-0.644357016,7.139551352,2.149219113,4.94875989
9,cal,1.842,0.989,3,1,Argovian,0.24,4.52,27.96,22.32,11.32,52.4,56.4,-2.058893689,-0.619788758,-1.427116356,5.711494907,1.719331287,3.958906591
10,cal,1.709,1.843,3,3,Sequanian,0.625,12.08,33.32,18.72,16.88,41.6,75.6,-0.678071905,-0.204119983,-0.470003629,5.378511623,1.619093331,3.728100167
11,cal,3.8,4.578,3,1,Argovian,3.873,9.84,46,22.24,21.64,46,143.2,1.953451501,0.588047497,1.354029401,5.523561956,1.662757832,3.828641396
12,cal,2.699,1.199,1,1,Argovian,1.425,7.56,40.8,8.76,15.72,56.4,66.8,0.510961919,0.153814864,0.354171814,5.817623258,1.751279104,4.032469159
13,cal,3.033,4.384,3,5,Quaternary,0.455,2.368,19.24,21.36,7.08,38.36,37.88,-1.13606155,-0.341988603,-0.78745786,5.261530815,1.583878598,3.64701525
14,cal,4.232,1.588,1,2,Kimmeridgian,1.025,8.84,28.32,5.88,17.4,52.8,47.6,0.03562391,0.010723865,0.024692613,5.722466024,1.722633923,3.966511191
15,cal,4.75,1.369,3,2,Kimmeridgian,0.775,11.96,35.6,17.6,23.76,32.92,70.8,-0.367731785,-0.110698297,-0.25489225,5.040892431,1.517459827,3.494080376
16,cal,2.341,4.135,3,1,Argovian,0.62,5.32,31,18.52,10.8,42,46.8,-0.689659879,-0.207608311,-0.478035801,5.392317423,1.62324929,3.737669618
17,cal,2.827,3.667,3,5,Quaternary,0.4,4.68,20.52,3.96,6.68,21.48,25.2,-1.321928095,-0.397940009,-0.916290732,4.424922088,1.332034277,3.06712227
18,cal,3.043,4.692,3,1,Argovian,0.625,3.536,25.2,8.24,11.32,29.92,31.32,-0.678071905,-0.204119983,-0.470003629,4.90303827,1.475961589,3.398527153
19,cal,1.687,1.174,3,1,Argovian,0.355,3.64,18.4,21.56,6.64,46.8,39.56,-1.49410907,-0.449771647,-1.03563749,5.548436625,1.670245853,3.845883203
20,cal,2.235,2.386,3,5,Quaternary,1.585,12.44,40.56,40.88,25.08,88.68,114.28,0.66448284,0.200029267,0.460584407,6.470536865,1.947825684,4.485034385
21,cal,3.122,1.695,3,2,Kimmeridgian,1.885,12.92,44,35.92,34.72,72.88,120.28,0.914564523,0.275311355,0.633927821,6.187451054,1.862608364,4.288814253
22,cal,2.219,2.774,2,2,Kimmeridgian,1.3,13.04,32.48,8.8,31.52,56.52,71.76,0.378511623,0.113943352,0.262364264,5.820689561,1.752202153,4.034594558
23,cal,3.185,2.092,3,2,Kimmeridgian,1.575,11.2,35.72,22.12,35,43.68,90.68,0.655351829,0.197280558,0.454255272,5.448900951,1.64028263,3.776890331
24,cal,3.514,5.119,2,1,Argovian,4.191,9.28,52,15.48,21.76,33.36,145.6,2.067294521,0.622317661,1.432939369,5.060047384,1.523226042,3.507357577
25,cal,4.459,2.624,1,2,Kimmeridgian,1.485,6.84,19,11.16,15.84,34.64,82.8,0.570462931,0.171726454,0.395414772,5.114367025,1.539577883,3.545009084
26,cal,4.339,1.473,3,5,Quaternary,0.915,10.8,32.72,39.8,18.6,64.8,86,-0.128156351,-0.038578906,-0.088831214,6.017921908,1.811575006,4.171305603
27,cal,4.92,1.417,3,2,Kimmeridgian,0.705,8.56,30.28,15.76,21.96,39.52,66.4,-0.504304837,-0.151810883,-0.349557476,5.304511042,1.596816936,3.676806873
28,cal,3.648,3.78,3,2,Kimmeridgian,0.62,14.16,28.56,48.8,24.44,63.2,78,-0.689659879,-0.207608311,-0.478035801,5.981852653,1.800717078,4.146304301
29,cal,2.916,4.916,1,1,Argovian,0.885,6.28,27.92,4.52,13.88,37.16,46.8,-0.17625064,-0.053056729,-0.122167634,5.215678597,1.570075705,3.615232914
30,cal,3.127,1.691,3,2,Kimmeridgian,1.96,13.4,45.2,47.12,35.12,93.92,123.84,0.970853654,0.292256071,0.672944473,6.553360503,1.972758084,4.542443356
31,cal,3.441,4.719,2,5,Quaternary,3.155,9.28,62.4,48.8,24.28,55.6,151.6,1.657640005,0.498999364,1.148988496,5.797012978,1.745074792,4.018183201
32,cal,3.336,4.613,3,5,Quaternary,1.28,5.92,38.52,24.96,23.28,49.2,81.6,0.35614381,0.10720997,0.246860078,5.62058641,1.691965103,3.895893623
33,cal,3.649,2.674,1,2,Kimmeridgian,1.785,7.44,23.72,9.652,17.72,58.4,58,0.835924074,0.25163822,0.579418415,5.867896464,1.766412847,4.06731589
34,cal,3.875,4.924,3,5,Quaternary,1.895,11.48,52,25.28,26.72,35.6,141.6,0.922197848,0.277609214,0.639218839,5.153805336,1.551449998,3.572345638
35,cal,2.612,4.114,3,1,Argovian,0.57,4.88,27.32,33.8,7.44,58.4,47.6,-0.810966176,-0.244125144,-0.562118918,5.867896464,1.766412847,4.06731589
36,cal,2.34,4.141,3,1,Argovian,0.54,5.48,35.72,17.4,10.6,36.88,53.2,-0.888968688,-0.26760624,-0.616186139,5.204766751,1.566790912,3.607669399
37,cal,3.811,1.318,3,2,Kimmeridgian,0.75,12.6,36.2,16.4,26.6,39.8,80.8,-0.415037499,-0.124938737,-0.287682072,5.314696526,1.599883072,3.683866912
38,cal,3.661,3.788,3,2,Kimmeridgian,0.875,14.64,28.88,65.2,20.8,69.6,76.4,-0.192645078,-0.057991947,-0.133531393,6.121015401,1.84260924,4.242764567
39,cal,4.34,3.736,2,3,Sequanian,2.818,11.24,35.04,29.12,21.96,46,80.8,1.494671612,0.449940989,1.036027413,5.523561956,1.662757832,3.828641396
40,cal,2.972,0.988,2,3,Sequanian,3.805,9.16,67.04,112.04,28.88,229.56,219.32,1.927896454,0.580354661,1.336315991,7.842727469,2.360896216,5.436164433
41,cal,2.286,3.068,3,3,Sequanian,0.605,9.68,27.32,28.8,12.8,56.6,67.16,-0.724992953,-0.218244625,-0.502526821,5.822730148,1.752816431,4.036008985
42,cal,1.813,2.116,3,3,Sequanian,1.003,11.32,33.48,21.2,20.56,48.8,110,0.004321606,0.001300933,0.002995509,5.608809243,1.688419822,3.887730313
43,cal,3.379,4.308,3,5,Quaternary,1.9,8.52,46.4,10.28,24.8,36.44,83.6,0.925999419,0.278753601,0.641853886,5.187451054,1.561578368,3.595667072
44,cal,1.965,2.807,3,3,Sequanian,0.895,12.6,41.6,60.72,24.16,89.68,102.44,-0.160040413,-0.048176965,-0.110931561,6.486714373,1.9526956,4.496247779
45,cal,3.559,4.009,2,3,Sequanian,4.02,6.16,60.8,21.08,21.96,52,101.6,2.007195501,0.604226053,1.391281903,5.700439718,1.716003344,3.951243719
46,cal,2.267,4.189,3,1,Argovian,0.56,6.64,35.12,12.72,11.12,39.64,57.2,-0.836501268,-0.251811973,-0.579818495,5.308885057,1.598133646,3.679838709
47,cal,2.965,1.002,2,3,Sequanian,1.39,10.36,45.6,57.2,24.6,129.2,149.2,0.475084883,0.1430148,0.329303747,7.01346226,2.111262514,4.861361591
48,cal,3.12,1.469,1,3,Sequanian,1.91,2.12,31.12,11.6,8,69.16,50.4,0.933572638,0.281033367,0.647103242,6.111865964,1.839854985,4.236422661
49,cal,3.454,4.654,2,5,Quaternary,1.07,7.8,38.24,10.88,19.92,29.88,70.8,0.097610797,0.029383778,0.067658648,4.901108243,1.475380593,3.39718936
50,cal,1.071,1.567,2,3,Sequanian,0.795,9.96,29.08,9.92,15.28,37.48,65.6,-0.330973234,-0.099632871,-0.229413164,5.228049048,1.573799582,3.623807457
51,cal,3.573,3.542,3,5,Quaternary,0.55,9.56,26.6,50.4,16,77.2,76,-0.862496476,-0.259637311,-0.597837001,6.270528942,1.8876173,4.346399457
52,cal,3.331,4.609,3,5,Quaternary,1.255,7,42.8,49.6,25.44,80.4,101.6,0.327687364,0.098643726,0.227135573,6.329123596,1.905256049,4.387014176
53,cal,3.541,1.739,4,3,Sequanian,2.055,6.32,29.8,10.8,20.8,43.6,59.36,1.039138394,0.312811826,0.720275848,5.44625623,1.639486489,3.77505715
54,cal,3.303,3.963,3,3,Sequanian,1.22,11,34.04,51.6,20.32,80.8,90,0.286881148,0.086359831,0.198850859,6.336283388,1.907411361,4.391976966
55,cal,3.316,2.987,3,5,Quaternary,0.975,14.6,33,30.1,23.6,48.8,83.2,-0.036525876,-0.010995384,-0.025317808,5.608809243,1.688419822,3.887730313
56,cal,1.879,1.171,3,1,Argovian,0.465,4,24.64,23.32,9.16,54.8,44.4,-1.104697379,-0.332547047,-0.765717873,5.776103988,1.738780558,4.003690194
57,cal,1.122,2.267,3,2,Kimmeridgian,1.145,11.08,37.08,14.8,31.56,47.6,74.4,0.195347598,0.058805487,0.135404637,5.572889668,1.677606953,3.862832761
58,cal,4.423,1.078,3,5,Quaternary,1.525,16.92,38.6,22,26.8,46.8,87.6,0.608809243,0.183269844,0.42199441,5.548436625,1.670245853,3.845883203
59,cal,1.241,1.155,1,1,Argovian,1.455,4.52,20.2,7.28,12.68,36.52,39.6,0.541019153,0.162862993,0.375005901,5.19061486,1.562530769,3.597860056
60,cal,1.706,1.848,3,3,Sequanian,1.12,11.92,34.84,20.72,19.96,41.2,83.2,0.163498732,0.049218023,0.113328685,5.364572432,1.614897216,3.718438256
61,cal,3.26,5.42,3,2,Kimmeridgian,1.819,11.72,38.04,17.6,28.6,35.8,82.4,0.863145543,0.259832699,0.5982869,5.161887682,1.553883027,3.577947893
62,cal,4.081,0.897,3,5,Quaternary,0.495,11.2,22.4,14.32,10.92,32.76,50.4,-1.01449957,-0.305394801,-0.703197516,5.033863452,1.515343893,3.489208259
63,cal,3.077,2.926,2,2,Kimmeridgian,2.12,10.12,35.32,12.32,21.52,42.4,64.8,1.084064265,0.326335861,0.751416089,5.40599236,1.627365857,3.747148362
64,cal,3.406,4.741,2,5,Quaternary,2.15,7.32,48,28.96,19.72,42.8,120.8,1.10433666,0.33243846,0.765467842,5.419538892,1.631443769,3.756538103
65,cal,3.699,3.8,3,2,Kimmeridgian,0.65,11.6,27.44,35.56,19.28,80.8,74,-0.621488377,-0.187086643,-0.430782916,6.336283388,1.907411361,4.391976966
66,cal,1.619,2.883,3,3,Sequanian,0.84,6.8,30.56,22.84,16.08,50.4,58.8,-0.251538767,-0.075720714,-0.174353387,5.655351829,1.702430536,3.919991175
67,cal,3.196,1.814,1,2,Kimmeridgian,3.925,12.92,25.6,47.4,26.12,84.16,92.36,1.972692654,0.593839661,1.367366351,6.3950628,1.925105727,4.432719749
68,cal,3.447,4.733,2,5,Quaternary,1.98,8.4,40.8,27.12,17.68,39.92,108,0.98550043,0.29666519,0.683096845,5.319039816,1.601190533,3.686877451
69,cal,3.009,4.738,3,1,Argovian,0.45,3.536,25.64,12.44,10,34,39.4,-1.152003093,-0.346787486,-0.798507696,5.087462841,1.531478917,3.526360525
70,cal,3.452,4.736,2,5,Quaternary,2.96,7.2,45.2,38.96,15,70.4,148.4,1.565597176,0.471291711,1.085189268,6.137503524,1.847572659,4.254193263
71,cal,2.908,1.263,3,1,Argovian,1.685,9.84,31.28,9.4,14.72,34.56,84.32,0.752748591,0.226599905,0.521765564,5.111031312,1.538573734,3.542696944
72,cal,4.578,1.512,3,2,Kimmeridgian,1.305,13.52,45.52,17.5,27.2,38.96,77.6,0.384049807,0.115610512,0.266203041,5.283921772,1.590618948,3.662535479
73,cal,3.512,5.124,2,1,Argovian,4.227,9.64,48.4,16.88,22.92,34.64,136.8,2.079634112,0.626032248,1.441492522,5.114367025,1.539577883,3.545009084
74,cal,3.312,2.991,3,5,Quaternary,0.98,12.52,32.6,22.7,19.4,41.6,72.8,-0.029146346,-0.008773924,-0.020202707,5.378511623,1.619093331,3.728100167
75,cal,2.159,2.041,3,2,Kimmeridgian,1.57,10.44,37.72,17.44,28.32,49.6,81.6,0.650764559,0.195899652,0.451075619,5.632268215,1.695481676,3.903990834
76,cal,4.742,1.381,3,2,Kimmeridgian,0.86,11.88,32.72,15.12,23.48,32.84,63.6,-0.217591435,-0.065501549,-0.15082289,5.037382222,1.516403148,3.491647285
77,cal,3.592,4.027,2,3,Sequanian,2.17,10.84,55.2,12.52,29.48,37.68,74.4,1.117695043,0.336459734,0.774727168,5.23572706,1.576110894,3.62912945
78,cal,3.152,3.272,3,2,Kimmeridgian,1.56,12.8,42.6,34,23.52,76.4,94,0.641546029,0.193124598,0.444685821,6.255500733,1.883093359,4.335982696
79,cal,4.781,1.375,3,2,Kimmeridgian,0.81,10.88,27.44,12.08,20.84,36.28,58.8,-0.304006187,-0.091514981,-0.210721031,5.181102551,1.559667278,3.591266625
80,cal,2.319,2.405,3,5,Quaternary,1.71,12.84,43.4,56.24,26.96,104.68,125.4,0.773996325,0.23299611,0.536493371,6.709842019,2.019863714,4.650908078
81,cal,3.617,2.084,3,2,Kimmeridgian,0.845,12.8,33.72,27.92,26.2,78.8,79.6,-0.242976753,-0.073143291,-0.168418652,6.300123725,1.896526217,4.366912997
82,cal,2.278,0.929,3,1,Argovian,0.357,4.08,19.36,13.24,6.56,35.4,46.8,-1.486004021,-0.447331784,-1.030019497,5.145677455,1.549003262,3.56671182
83,cal,3.792,2.695,1,2,Kimmeridgian,1.535,6.76,20.32,5.88,13.4,55.2,52.4,0.618238656,0.18610838,0.428530381,5.786596362,1.741939078,4.010962953
84,cal,4.113,2.7,1,2,Kimmeridgian,1.285,1.552,8.72,13.64,7.16,84.4,65.2,0.361768359,0.108903128,0.250758718,6.399171094,1.926342447,4.435567402
85,cal,3.043,4.698,3,1,Argovian,1.82,3.924,27.36,7.6,10.44,27.04,39.8,0.86393845,0.260071388,0.598836501,4.757023247,1.432006687,3.297317251
86,cal,3.271,2.16,3,5,Quaternary,0.945,13.32,37.8,37.4,32.6,59.04,104.36,-0.081613766,-0.024568191,-0.056570351,5.883620816,1.771146349,4.07821518
87,cal,1.433,1.525,3,5,Quaternary,1.605,7.36,67.6,13.48,16.2,49.6,75.2,0.682573297,0.205475037,0.473123757,5.632268215,1.695481676,3.903990834
88,cal,3.184,2.098,3,2,Kimmeridgian,2.23,11.92,37.8,24.6,37.72,44.88,96.6,1.15704371,0.348304863,0.802001585,5.488000771,1.652052848,3.803992261
89,cal,3.675,4.293,2,3,Sequanian,0.89,8.6,37.68,4.4,22.96,26.76,66,-0.168122759,-0.050609993,-0.116533816,4.742006211,1.427486109,3.286908235
90,cal,3.681,5.69,2,2,Kimmeridgian,1.898,12.64,54,15.16,28.36,59.2,86,0.924479992,0.278296208,0.6408007,5.887525271,1.772321707,4.080921542
91,cal,2.461,3.423,4,5,Quaternary,0.37,3.14,22.6,15.72,6.08,29.36,47.2,-1.434402824,-0.431798276,-0.994252273,4.875780063,1.467756051,3.379633204
92,cal,4.576,1.411,3,2,Kimmeridgian,1.38,11.28,37.6,15.64,25.76,34.44,71.6,0.464668267,0.139879086,0.322083499,5.106013238,1.537063143,3.53921868
93,cal,2.223,0.58,3,2,Kimmeridgian,0.285,9.6,38,14.16,24.52,44,76,-1.810966176,-0.54515514,-1.255266099,5.459431619,1.643452676,3.784189634
94,cal,3.031,1.201,3,3,Sequanian,0.61,6.44,21.84,16.4,10.36,52.56,51.24,-0.713118852,-0.214670165,-0.494296322,5.715893371,1.720655357,3.961955374
95,cal,3.347,2.505,1,2,Kimmeridgian,0.625,6.96,33.2,5.36,19.2,41.2,43.6,-0.678071905,-0.204119983,-0.470003629,5.364572432,1.614897216,3.718438256
96,cal,2.465,4.003,3,1,Argovian,0.325,3.192,21.4,9.72,4.72,24.64,35.08,-1.621488377,-0.488116639,-1.123930097,4.622930351,1.391640703,3.204371139
97,cal,3.175,2.102,3,2,Kimmeridgian,1.985,12.2,38.4,18.92,37.2,42.68,89.84,0.989139007,0.297760511,0.685618914,5.415488271,1.630224411,3.753730426
98,cal,3.733,0.974,3,2,Kimmeridgian,0.95,8.92,40.8,15.4,26.52,36.6,74,-0.074000581,-0.022276395,-0.051293294,5.193771743,1.563481085,3.60004824
99,cal,3.085,1.677,3,2,Kimmeridgian,2.04,11.8,40.4,26.2,29.8,63.92,107.2,1.028569152,0.309630167,0.712949808,5.998195503,1.805636766,4.157632301
100,cal,2.595,3.638,3,5,Quaternary,0.325,3.712,14.52,17.52,4.76,44.4,40.8,-1.621488377,-0.488116639,-1.123930097,5.472487771,1.64738297,3.793239469
101,cal,4.279,3.283,3,2,Kimmeridgian,0.83,13.36,33.6,19.2,24.64,36.36,84.4,-0.268816758,-0.080921908,-0.186329578,5.184280294,1.560623875,3.593469269
102,cal,2.933,0.978,2,3,Sequanian,0.8,12.4,31.44,166.4,16,146.8,100.4,-0.321928095,-0.096910013,-0.223143551,7.197708158,2.166726056,4.989071116
103,cal,3.59,4.033,2,3,Sequanian,2.08,7.92,56.4,11.52,24.84,37.56,79.6,1.056583528,0.318063335,0.732367894,5.231125158,1.574725584,3.625939654
104,cal,2.883,1.237,3,1,Argovian,2.55,8.52,31.24,12.12,16.12,36.56,96.96,1.350497247,0.40654018,0.936093359,5.192194165,1.563006187,3.598954747
105,cal,2.429,1.62,3,3,Sequanian,2.535,11.84,52.4,31.96,26.64,77.6,126.8,1.341985747,0.403977964,0.930193637,6.277984747,1.889861721,4.351567427
106,cal,2.333,2.417,3,5,Quaternary,1.435,9.12,37.44,53.2,21.32,107.6,110.32,0.521050737,0.156851901,0.361164849,6.749534268,2.031812271,4.678420648
107,cal,0.626,1.652,1,2,Kimmeridgian,0.375,7.28,33.32,4.2,14.4,37.12,46.4,-1.415037499,-0.425968732,-0.980829253,5.214124805,1.569607968,3.614155908
108,cal,2.969,0.778,2,2,Kimmeridgian,1.93,12.44,43.04,77.32,33.76,157.28,166.28,0.948600847,0.285557309,0.657520003,7.297191417,2.1966735,5.058027656
109,cal,0.971,1.576,3,3,Sequanian,1.215,10.08,29.28,9.8,15.2,35.64,64,0.280956314,0.084576278,0.194744077,5.155425432,1.551937695,3.573468603
110,cal,1.392,1.846,3,3,Sequanian,1.05,10.6,39.24,7.44,20,37.68,48.4,0.070389328,0.021189299,0.048790164,5.23572706,1.576110894,3.62912945
111,cal,2.54,3.32,3,3,Sequanian,1.26,9.76,45.32,17.2,17.6,53.6,62.8,0.333423734,0.100370545,0.231111721,5.744161096,1.72916479,3.981549068
112,cal,1.738,1.771,3,3,Sequanian,0.685,11.92,33.64,19.64,16.24,41.6,76,-0.545824107,-0.164309429,-0.378336441,5.378511623,1.619093331,3.728100167
113,cal,2.243,3.031,3,3,Sequanian,0.705,11.8,29.92,19.2,14.6,34,59.88,-0.504304837,-0.151810883,-0.349557476,5.087462841,1.531478917,3.526360525
114,cal,3.656,2.63,1,2,Kimmeridgian,1.385,2.072,9.72,9.232,5.36,80.4,49.2,0.469885976,0.141449773,0.32570014,6.329123596,1.905256049,4.387014176
115,cal,2.325,4.143,3,1,Argovian,0.505,5.48,34,14,10.92,33.24,54.4,-0.985644707,-0.296708622,-0.68319685,5.054848477,1.521661015,3.50375397
116,cal,4.55,1.416,3,2,Kimmeridgian,1.74,12.4,44.32,18.1,27.72,41.6,73.6,0.799087306,0.240549248,0.553885113,5.378511623,1.619093331,3.728100167
117,cal,4.325,1.436,3,5,Quaternary,0.56,11.6,26.92,19.4,13.72,36.76,57.2,-0.836501268,-0.251811973,-0.579818495,5.200064862,1.565375503,3.604410297
118,cal,3.669,4.291,2,3,Sequanian,1.917,8.44,33.48,8.4,18.72,35.12,59.6,0.938850337,0.282622113,0.650761464,5.13422094,1.545554507,3.558770769
119,cal,1.877,1.186,3,1,Argovian,0.32,3.8,18.2,26.16,6.44,45.2,39.88,-1.64385619,-0.494850022,-1.139434283,5.498250868,1.655138435,3.811097087
120,cal,3.044,1.123,3,3,Sequanian,0.63,12,31.28,18.04,18.68,38.24,80.76,-0.666576266,-0.200659451,-0.46203546,5.257010618,1.582517884,3.643882088
121,cal,3.001,2.581,2,2,Kimmeridgian,4.18,9.6,45.32,8.2,22.2,42.04,81.72,2.063502942,0.621176282,1.430311247,5.393690764,1.623662707,3.738621546
122,cal,3.136,2.091,3,2,Kimmeridgian,1.11,14.2,34.8,17.92,30.32,38.72,79,0.150559677,0.045322979,0.104360015,5.275007047,1.587935349,3.656356262
123,cal,2.633,3.65,3,5,Quaternary,0.425,3.092,22.12,16.2,5.04,50.4,61.6,-1.234465254,-0.37161107,-0.85566611,5.655351829,1.702430536,3.919991175
124,cal,3.721,4.239,3,3,Sequanian,0.28,8,25.96,18,12.28,41.2,46.4,-1.836501268,-0.552841969,-1.272965676,5.364572432,1.614897216,3.718438256
125,cal,2.333,2.367,3,5,Quaternary,1.39,12.36,42.12,59.16,28.2,101.92,135.88,0.475084883,0.1430148,0.329303747,6.671293372,2.008259415,4.624188192
126,cal,4.038,2.354,1,4,Portlandian,2.805,12.2,39.2,10.5,32.92,44,65.6,1.488000771,0.447932866,1.031403539,5.459431619,1.643452676,3.784189634
127,cal,3.117,1.702,3,2,Kimmeridgian,1.71,14.12,42.8,30,35,58.6,106.36,0.773996325,0.23299611,0.536493371,5.87282876,1.767897616,4.070734697
128,cal,1.824,0.999,3,1,Argovian,0.165,3.752,18.6,23.64,7.08,56.4,44,-2.59946207,-0.782516056,-1.801809805,5.817623258,1.751279104,4.032469159
129,cal,2.85,1.89,1,2,Kimmeridgian,1.36,2.816,10.76,8.68,7.08,53.6,28.88,0.443606651,0.133538908,0.3074847,5.744161096,1.72916479,3.981549068
130,cal,2.502,3.988,3,1,Argovian,0.24,3.76,18.92,20.72,5.2,22.36,32.24,-2.058893689,-0.619788758,-1.427116356,4.482848283,1.349471799,3.107273648
131,cal,1.443,1.509,3,5,Quaternary,1.445,7.76,61.2,15.4,20.68,50.8,75.6,0.531069493,0.159867847,0.368109322,5.666756592,1.705863712,3.927896355
132,cal,2.008,1.35,3,1,Argovian,0.515,5,32.56,16.04,8.96,35.04,50.4,-0.957355663,-0.288192771,-0.663588378,5.13093087,1.544564097,3.556490266
133,cal,2.978,4.009,3,5,Quaternary,0.56,6.52,24.4,8.352,12.4,25.4,49.2,-0.836501268,-0.251811973,-0.579818495,4.666756592,1.404833717,3.234749174
134,cal,1.662,1.425,3,3,Sequanian,0.905,11.24,37.4,44.4,16.56,82,78.4,-0.144010303,-0.043351421,-0.099820335,6.357552005,1.913813852,4.406719247
135,cal,1.587,1.08,3,1,Argovian,0.605,5.16,29.28,26.24,11.44,54,54,-0.724992953,-0.218244625,-0.502526821,5.754887502,1.73239376,3.988984047
136,cal,3.994,3.814,3,5,Quaternary,2.423,14.48,45.6,32.52,28.32,80.4,84,1.276794405,0.384353414,0.885006442,6.329123596,1.905256049,4.387014176
137,cal,4.383,2.279,1,2,Kimmeridgian,0.785,7.84,35.92,6.72,22.72,43.6,60.8,-0.349235441,-0.105130343,-0.242071561,5.44625623,1.639486489,3.77505715
138,cal,2.901,4.919,1,1,Argovian,0.81,4.64,28.6,5.48,14.92,28.8,42,-0.304006187,-0.091514981,-0.210721031,4.847996907,1.459392488,3.360375387
139,cal,4.156,1.242,2,4,Portlandian,1.1,7.84,32.2,5.72,17.92,32.48,44,0.137503524,0.041392685,0.09531018,5.021479727,1.511616021,3.480624515
140,cal,4.475,3.526,4,2,Kimmeridgian,0.951,15.28,29.24,38.96,20.36,78.8,70.8,-0.072482754,-0.021819483,-0.050241216,6.300123725,1.896526217,4.366912997
141,cal,2.58,3.654,3,5,Quaternary,0.275,3.552,16.2,7.48,4.64,20.2,33.44,-1.862496476,-0.560667306,-1.290984181,4.336283388,1.305351369,3.005682604
142,cal,0.701,1.997,1,3,Sequanian,1.58,12.6,60.8,9.84,32.2,64.8,86,0.659924558,0.198657087,0.457424847,6.017921908,1.811575006,4.171305603
143,cal,3.649,3.887,3,2,Kimmeridgian,1.06,11.48,41.6,26.44,29.24,51.2,80.8,0.084064265,0.025305865,0.058268908,5.678071905,1.709269961,3.935739532
144,cal,2.623,0.853,3,3,Sequanian,2.58,11.64,45.2,29.24,27.36,59.2,106.4,1.367371066,0.411619706,0.947789399,5.887525271,1.772321707,4.080921542
145,cal,1.315,1.975,2,3,Sequanian,3.68,11.12,52,14.44,28.72,56.4,89.6,1.879705766,0.565847819,1.302912752,5.817623258,1.751279104,4.032469159
146,cal,3.656,2.67,1,2,Kimmeridgian,1.875,11.12,36.12,9.52,25.4,70,65.2,0.906890596,0.273001272,0.628608659,6.129283017,1.84509804,4.248495242
147,cal,4.426,0.821,2,2,Kimmeridgian,0.805,13,48.32,8.76,26,27.2,61.6,-0.312939312,-0.09420412,-0.216913002,4.765534746,1.434568904,3.303216973
148,cal,2.882,3.693,3,5,Quaternary,0.535,4.6,20.8,8.76,5.4,27.04,32.92,-0.902389203,-0.271646218,-0.625488532,4.757023247,1.432006687,3.297317251
149,cal,1.108,1.535,2,3,Sequanian,2.055,8.08,50.4,60,23.16,195.6,108,1.039138394,0.312811826,0.720275848,7.61176256,2.29136885,5.276071758
150,cal,4.84,1.089,2,2,Kimmeridgian,0.555,10.28,27.64,10.8,19.6,36.52,64.8,-0.849440323,-0.255707017,-0.588787165,5.19061486,1.562530769,3.597860056
151,cal,1.468,2.192,2,3,Sequanian,1.51,10.92,57.6,10.88,30.68,44.4,80.4,0.59454855,0.178976947,0.412109651,5.472487771,1.64738297,3.793239469
152,cal,2.319,4.103,3,1,Argovian,0.58,5.48,36,20.52,10.92,34.88,50.4,-0.785875195,-0.236572006,-0.544727175,5.124328135,1.542576476,3.551913599
153,cal,3.585,4.04,2,3,Sequanian,1.97,8,51.2,24.64,25.76,66,99.2,0.97819563,0.294466226,0.678033543,6.044394119,1.819543936,4.189654742
154,cal,3.647,3.786,3,2,Kimmeridgian,0.765,13.84,29.72,42,20.96,70.8,90.8,-0.386468347,-0.116338565,-0.267879445,6.145677455,1.850033258,4.259859001
155,cal,2.31,2.732,2,2,Kimmeridgian,0.735,12.72,39,17.68,23.24,39.2,79.04,-0.444183845,-0.133712661,-0.30788478,5.292781749,1.593286067,3.668676747
156,cal,3.962,2.009,3,2,Kimmeridgian,1.445,12.4,43.52,42.92,34.4,78.4,104.4,0.531069493,0.159867847,0.368109322,6.292781749,1.894316063,4.361823927
157,cal,3.47,5.555,2,2,Kimmeridgian,2.234,13.48,45.2,12.52,29.68,48.4,64,1.159629186,0.349083169,0.803793701,5.596935142,1.684845362,3.879499814
158,cal,1.839,0.995,3,1,Argovian,0.225,4.24,24.88,27.72,10.12,55.6,56,-2.152003093,-0.647817482,-1.491654877,5.797012978,1.745074792,4.018183201
159,cal,1.706,1.165,3,1,Argovian,0.74,4.36,20.4,25.52,8.68,60.8,62.4,-0.434402824,-0.13076828,-0.301105093,5.925999419,1.783903579,4.107589789
160,cal,2.774,1.544,2,3,Sequanian,1.915,8.44,42.32,19.32,20.64,45.72,90.24,0.937344392,0.282168778,0.649717623,5.514753498,1.660106222,3.822535839
161,cal,3.493,5.092,2,1,Argovian,3.421,9.8,52.4,14.8,20.44,34.32,134.4,1.774418104,0.534153074,1.229932906,5.100977648,1.535547279,3.535728275
162,cal,1.695,3.227,1,1,Argovian,1.835,5.88,35.08,10.88,21.44,56.68,97.48,0.875780063,0.263636069,0.607044482,5.824767853,1.753429842,4.037421415
163,cal,4.409,1.084,3,5,Quaternary,1.77,17.32,37.72,18.92,27,48.8,89.2,0.82374936,0.247973266,0.570979547,5.608809243,1.688419822,3.887730313
164,cal,2.596,3.212,2,3,Sequanian,3.995,8.64,49.72,15.92,22,45.16,118.24,1.998195503,0.601516784,1.385043579,5.496973581,1.654753933,3.810211739
165,cal,1.897,1.22,3,1,Argovian,0.26,3.48,16.24,9.24,4.76,27,27.2,-1.943416472,-0.585026652,-1.347073648,4.754887502,1.431363764,3.295836866
166,cal,2.083,1.695,1,2,Kimmeridgian,0.44,6,29.28,11.28,16.68,56.4,54.8,-1.184424571,-0.356547324,-0.820980552,5.817623258,1.751279104,4.032469159
167,cal,3.673,4.278,2,3,Sequanian,1.015,9.28,44,7.36,19.28,34,70.4,0.021479727,0.006466042,0.014888612,5.087462841,1.531478917,3.526360525
168,cal,2.731,3.002,1,2,Kimmeridgian,0.485,9,27.32,6.6,20.92,32.44,57.96,-1.043943348,-0.314258261,-0.723606388,5.019701914,1.511080846,3.479392229
169,cal,4.264,3.391,3,2,Kimmeridgian,2.828,11.16,32.64,79.2,24.96,135.2,132.8,1.49978212,0.451479405,1.039569748,7.078951341,2.130976692,4.906755164
170,cal,3.792,2.707,1,2,Kimmeridgian,1.38,8.16,26.92,6.44,17.12,45.6,55.2,0.464668267,0.139879086,0.322083499,5.510961919,1.658964843,3.819907717
171,cal,3.39,1.048,2,2,Kimmeridgian,1.66,10.12,42.92,24.6,29.32,57.28,123.32,0.731183242,0.220108088,0.506817602,5.839959587,1.758003009,4.047951523
172,cal,3.184,5.075,3,3,Sequanian,0.685,7.08,33.76,11.36,16.32,23.68,53.6,-0.545824107,-0.164309429,-0.378336441,4.565597176,1.374381698,3.16463081
173,cal,3.644,2.677,1,2,Kimmeridgian,0.93,9.56,37.4,6.772,23.12,51.2,56.4,-0.104697379,-0.031517051,-0.072570693,5.678071905,1.709269961,3.935739532
174,cal,3.504,5.13,2,1,Argovian,5.129,8.6,39.24,14.76,18.28,36.8,135.6,2.358677571,0.710032699,1.634910708,5.201633861,1.565847819,3.605497845
175,cal,2.242,3.036,3,3,Sequanian,0.725,10.32,26.32,17,12.72,34.08,56.72,-0.4639471,-0.139661993,-0.321583624,5.09085343,1.532499586,3.528710702
176,cal,3.332,4.628,2,5,Quaternary,0.74,4.52,35.92,96,17.2,59.2,83.2,-0.434402824,-0.13076828,-0.301105093,5.887525271,1.772321707,4.080921542
177,cal,3.498,3.196,2,2,Kimmeridgian,0.99,15.12,32.8,14.5,22.92,36.24,65.6,-0.01449957,-0.004364805,-0.010050336,5.17951105,1.559188189,3.590163481
178,cal,1.883,1.176,3,1,Argovian,0.195,3.92,21.8,25.12,7.52,49.6,43.2,-2.358453971,-0.709965389,-1.63475572,5.632268215,1.695481676,3.903990834
179,cal,3.322,3.001,3,5,Quaternary,1.34,14.32,35,25.3,23.12,44.4,81.2,0.422233001,0.127104798,0.292669614,5.472487771,1.64738297,3.793239469
180,cal,1.047,1.922,2,3,Sequanian,1.24,14.2,43.6,18.32,22.52,52,83.2,0.310340121,0.093421685,0.21511138,5.700439718,1.716003344,3.951243719
181,cal,3.843,3.121,3,5,Quaternary,1.84,10.8,39.52,33.32,35.28,44.4,86,0.879705766,0.264817823,0.609765572,5.472487771,1.64738297,3.793239469
182,cal,1.301,0.599,4,3,Sequanian,0.91,13.24,32.84,21.2,18,64.8,75.2,-0.13606155,-0.040958608,-0.094310679,6.017921908,1.811575006,4.171305603
183,cal,1.106,1.548,2,3,Sequanian,1.27,9.16,52.8,19.12,19.44,65.2,65.2,0.344828497,0.103803721,0.2390169,6.026800059,1.814247596,4.177459469
184,cal,1.114,1.535,2,3,Sequanian,1.48,9.12,58.8,106.8,26.16,226.4,140.4,0.565597176,0.170261715,0.392042088,7.822730148,2.354876423,5.422303346
185,cal,1.511,0.734,2,1,Argovian,1.245,7.84,47.2,22.64,21.96,64.4,71.2,0.316145742,0.095169351,0.21913553,6.008988783,1.808885867,4.165113633
186,cal,1.317,1.501,3,5,Quaternary,1.385,6.44,42.8,120.8,19.64,66.4,94.8,0.469885976,0.141449773,0.32570014,6.053111336,1.822168079,4.195697056
187,cal,1.439,1.523,3,5,Quaternary,1.72,7.24,54.8,16.4,16.52,52.4,75.6,0.782408565,0.235528447,0.542324291,5.711494907,1.719331287,3.958906591
188,cal,1.651,1.157,4,1,Argovian,0.525,3.88,20.84,26.28,8.36,46.4,49.6,-0.929610672,-0.279840697,-0.644357016,5.5360529,1.666517981,3.837299459
189,cal,1.701,1.169,3,1,Argovian,0.69,4.24,23.48,17.04,9.04,52.4,45.6,-0.535331733,-0.161150909,-0.371063681,5.711494907,1.719331287,3.958906591
190,cal,1.857,0.659,2,3,Sequanian,3.53,10.08,52.8,66,24.44,118,124.8,1.819668183,0.547774705,1.261297871,6.882643049,2.071882007,4.770684624
191,cal,1.346,1.954,2,3,Sequanian,0.93,10.56,39.04,9,20.24,38.12,69.2,-0.104697379,-0.031517051,-0.072570693,5.252476214,1.581152892,3.640739079
192,cal,1.354,1.966,2,3,Sequanian,1.165,10.72,43.6,8.64,24,38.32,59.6,0.220329955,0.066325925,0.152721087,5.260025656,1.5834255,3.645971953
193,cal,1.35,1.97,2,3,Sequanian,3.81,10.12,60.8,17.92,27.08,64.8,102,1.929790998,0.580924976,1.337629189,6.017921908,1.811575006,4.171305603
194,cal,1.932,1.004,3,1,Argovian,0.135,4.52,15.08,10.44,5.24,37,32.56,-2.888968688,-0.869666232,-2.002480501,5.209453366,1.568201724,3.610917913
195,cal,1.837,1.037,3,1,Argovian,0.215,3.88,23,23.44,8.16,46.8,44,-2.217591435,-0.66756154,-1.537117251,5.548436625,1.670245853,3.845883203
196,cal,1.69,1.858,3,3,Sequanian,1.775,12.96,38.72,29.76,22.36,54.8,91.6,0.827819025,0.249198357,0.573800423,5.776103988,1.738780558,4.003690194
197,cal,1.72,1.833,3,3,Sequanian,0.585,11.6,31.68,24.36,15.96,50,76.8,-0.77349147,-0.232844134,-0.536143432,5.64385619,1.698970004,3.912023005
198,cal,1.543,2.537,3,2,Kimmeridgian,1.563,10.4,45.2,26.72,28.72,52.4,104,0.644317778,0.193958978,0.446607051,5.711494907,1.719331287,3.958906591
199,cal,2.353,1.274,3,1,Argovian,0.275,4.32,15.4,8.24,4.2,32.56,37.88,-1.862496476,-0.560667306,-1.290984181,5.025028794,1.512684396,3.483084541
200,cal,1.889,2.462,1,2,Kimmeridgian,2.505,10.2,48.4,12.16,31.04,65.2,78.4,1.324810603,0.39880773,0.918288735,6.026800059,1.814247596,4.177459469
201,cal,2.327,2.417,3,5,Quaternary,1.385,9.68,39.72,58.72,22.6,116.48,123,0.469885976,0.141449773,0.32570014,6.86393845,2.066251362,4.757719584
202,cal,2.504,1.965,2,2,Kimmeridgian,1.79,10.44,41.84,19.92,25.64,62.36,80.32,0.839959587,0.252853031,0.58221562,5.962549023,1.794906107,4.132924044
203,cal,2.599,1.996,3,2,Kimmeridgian,2.115,13.16,43.08,61.32,53.2,172.12,133.88,1.080657663,0.325310372,0.749054812,7.427270935,2.235831337,5.148191908
204,cal,2.561,1.984,2,2,Kimmeridgian,1.63,13.56,51.36,18.08,42.92,63.16,77.4,0.704871964,0.212187604,0.488580015,5.980939266,1.800442121,4.145671189
205,cal,2.898,1.274,3,1,Argovian,2.7,6.52,32.76,15.56,15,38.28,99.6,1.432959407,0.431363764,0.993251773,5.258518925,1.582971929,3.644927567
206,cal,2.902,1.263,3,1,Argovian,4.495,10.32,39.16,10.24,22.64,32.92,101.68,2.168321116,0.652729696,1.502965668,5.040892431,1.517459827,3.494080376
207,cal,3.085,1.214,3,3,Sequanian,0.765,7.68,18.52,37.6,11.28,68.4,86.2,-0.386468347,-0.116338565,-0.267879445,6.09592442,1.835056102,4.225372825
208,cal,3.046,1.205,3,3,Sequanian,0.4,11.16,21.64,9.6,13.36,32.76,44,-1.321928095,-0.397940009,-0.916290732,5.033863452,1.515343893,3.489208259
209,cal,3.025,1.201,3,3,Sequanian,0.32,5.6,18.52,12.92,7.2,40.2,43.72,-1.64385619,-0.494850022,-1.139434283,5.329123596,1.604226053,3.693866996
210,cal,2.04,3.153,3,1,Argovian,0.655,5,16.56,17.2,8.24,41.88,51.24,-0.610433188,-0.1837587,-0.423120043,5.388189537,1.622006673,3.734808386
211,cal,2.234,2.737,2,2,Kimmeridgian,1.11,14.6,39.28,10.28,24.44,47.8,71.12,0.150559677,0.045322979,0.104360015,5.578938713,1.679427897,3.867025639
212,cal,2.22,2.732,2,2,Kimmeridgian,0.77,12.28,43.48,16,23.88,44.4,62.28,-0.377069649,-0.113509275,-0.261364764,5.472487771,1.64738297,3.793239469
213,cal,2.224,2.728,2,2,Kimmeridgian,1.205,13.8,46.84,11.36,27.44,41.04,85.52,0.269033146,0.080987047,0.186479567,5.358958826,1.613207352,3.714547201
214,cal,2.58,2.311,2,2,Kimmeridgian,1.555,8.84,40.16,15.4,23.92,51.24,77.56,0.63691458,0.191730393,0.441475546,5.679198571,1.709609121,3.936520477
215,cal,2.254,3.045,3,3,Sequanian,0.575,9.68,27.12,31.8,13.2,54.28,66.92,-0.798366139,-0.240332155,-0.553385238,5.762348816,1.734639839,3.994155835
216,cal,2.656,2.656,3,2,Kimmeridgian,0.525,12.52,26.12,79.2,18,138.56,91.48,-0.929610672,-0.279840697,-0.644357016,7.114367025,2.141637875,4.931303445
217,cal,3.465,1.393,3,3,Sequanian,0.705,12.52,28.72,48.72,17.6,86.68,96.6,-0.504304837,-0.151810883,-0.349557476,6.437627248,1.937918903,4.462223177
218,cal,2.553,3.314,3,3,Sequanian,0.99,8.8,38.72,9.28,15.72,38,60.12,-0.01449957,-0.004364805,-0.010050336,5.247927513,1.579783597,3.63758616
219,cal,2.538,3.314,3,3,Sequanian,1.655,8.96,50.6,31.52,17.32,90.36,81.6,0.726831217,0.218797998,0.503801009,6.497612366,1.955976222,4.503801692
220,cal,2.402,3.979,3,1,Argovian,0.515,4.08,30.12,13.12,8.2,26.96,43.2,-0.957355663,-0.288192771,-0.663588378,4.752748591,1.430719888,3.294354286
221,cal,2.456,3.99,3,1,Argovian,0.35,3.272,26.32,11.6,4.92,27.68,37.16,-1.514573173,-0.455931956,-1.049822124,4.790772038,1.442166086,3.320710131
222,cal,2.537,3.768,3,1,Argovian,0.23,3.792,18.2,8.72,5.68,26.84,32.08,-2.120294234,-0.638272164,-1.46967597,4.746312766,1.428782511,3.289893312
223,cal,2.584,3.649,3,5,Quaternary,0.305,3.72,18,17.12,5.6,48.4,44.8,-1.713118852,-0.515700161,-1.187443502,5.596935142,1.684845362,3.879499814
224,cal,3.887,1.663,3,2,Kimmeridgian,1.535,15.2,40.72,29.6,32.4,56.8,85.6,0.618238656,0.18610838,0.428530381,5.827819025,1.754348336,4.039536326
225,cal,4.412,1.088,3,5,Quaternary,1.53,17.72,39.52,17.72,26.4,47.6,80.8,0.613531653,0.184691431,0.425267735,5.572889668,1.677606953,3.862832761
226,cal,2.795,3.645,3,5,Quaternary,0.3,4.24,17.32,13.4,6.32,37.76,27.12,-1.736965594,-0.522878745,-1.203972804,5.23878686,1.577031986,3.631250341
227,cal,2.837,3.679,3,5,Quaternary,0.425,5.08,22.72,4.68,8,22.56,31.48,-1.234465254,-0.37161107,-0.85566611,4.495695163,1.353339095,3.116178427
228,cal,2.832,3.676,3,5,Quaternary,0.36,6.68,26.12,4.44,11.8,18.96,28.92,-1.473931188,-0.443697499,-1.021651248,4.244887059,1.277838333,2.942331497
229,cal,3.308,2.963,3,5,Quaternary,1.06,17.32,36,28,23.92,50,78.4,0.084064265,0.025305865,0.058268908,5.64385619,1.698970004,3.912023005
230,cal,3.422,2.851,3,3,Sequanian,0.9,9.52,38.72,49,26.2,70.4,94.8,-0.152003093,-0.045757491,-0.105360516,6.137503524,1.847572659,4.254193263
231,cal,3.692,2.43,1,2,Kimmeridgian,1.61,5,19.4,9.44,8.76,42.8,31.16,0.687060688,0.206825876,0.476234179,5.419538892,1.631443769,3.756538103
232,cal,4.331,1.449,3,5,Quaternary,0.95,12,29.2,19.6,18.72,37.88,61.2,-0.074000581,-0.022276395,-0.051293294,5.243364426,1.57840997,3.634423268
233,cal,4.333,1.455,3,5,Quaternary,0.82,10.32,29.8,32.1,16.72,63.2,67.6,-0.286304185,-0.086186148,-0.198450939,5.981852653,1.800717078,4.146304301
234,cal,4.502,1.167,3,5,Quaternary,0.86,12.12,28.4,12.7,20.12,37.08,61.6,-0.217591435,-0.065501549,-0.15082289,5.212569339,1.569139725,3.613077741
235,cal,3.228,3.617,3,2,Kimmeridgian,1.835,13.32,47.4,45.92,24,80.4,90,0.875780063,0.263636069,0.607044482,6.329123596,1.905256049,4.387014176
236,cal,3.768,2.775,1,2,Kimmeridgian,0.22,10.8,26.32,6.672,17.52,31.88,45.2,-2.184424571,-0.657577319,-1.514127733,4.994579724,1.503518313,3.461978854
237,cal,3.768,2.675,1,2,Kimmeridgian,1.095,12.12,41.32,6.2,28.8,46.8,56.8,0.13093087,0.039414119,0.090754363,5.548436625,1.670245853,3.845883203
238,cal,3.798,2.694,1,2,Kimmeridgian,0.995,9.68,32.8,5.38,19.12,51.2,54,-0.007231569,-0.002176919,-0.005012542,5.678071905,1.709269961,3.935739532
239,cal,4.59,1.414,3,2,Kimmeridgian,0.96,11.72,35.2,16.4,21.92,30.76,64.8,-0.058893689,-0.017728767,-0.040821995,4.942983598,1.487986331,3.426215145
240,cal,4.571,1.407,3,2,Kimmeridgian,1.4,10.72,38.64,15.24,26.4,38.4,70.8,0.485426827,0.146128036,0.336472237,5.263034406,1.584331224,3.64805746
241,cal,4.745,1.372,3,2,Kimmeridgian,0.69,11.96,35.64,16.44,23.68,34.12,66.4,-0.535331733,-0.161150909,-0.371063681,5.092545742,1.533009022,3.529883723
242,cal,4.788,1.647,3,2,Kimmeridgian,0.72,8.8,34.08,11.4,26.72,32.68,63.2,-0.473931188,-0.142667504,-0.328504067,5.030336078,1.514282048,3.48676327
243,cal,2.974,4.937,2,1,Argovian,2.26,5.88,36.44,12.64,21.52,36.28,77.6,1.176322773,0.354108439,0.815364813,5.181102551,1.559667278,3.591266625
244,cal,2.906,4.922,1,1,Argovian,1.13,4.32,20.32,5.92,13.2,21.6,32.84,0.176322773,0.053078443,0.122217633,4.432959407,1.334453751,3.072693315
245,cal,3.109,4.729,3,1,Argovian,0.645,3.124,22.68,8.4,8.88,28.56,42.4,-0.632628934,-0.190440285,-0.438504962,4.835924074,1.455758203,3.352007137
246,cal,3.04,4.713,3,1,Argovian,0.63,3.668,23.96,7.24,9.36,26,36.64,-0.666576266,-0.200659451,-0.46203546,4.700439718,1.414973348,3.258096538
247,cal,3.919,3.466,3,5,Quaternary,0.86,9.76,28.4,12.8,17.48,28.6,58.8,-0.217591435,-0.065501549,-0.15082289,4.837943242,1.456366033,3.353406718
248,cal,4.189,3.045,3,4,Portlandian,1.645,8.08,46.4,35.6,20.32,67.6,90.4,0.718087584,0.216165902,0.497740384,6.078951341,1.829946696,4.213607983
249,cal,3.652,4.312,1,3,Sequanian,3.149,10.72,51.2,8.24,27.72,56,98,1.654893757,0.498172661,1.147084942,5.807354922,1.748188027,4.025351691
250,cal,3.894,3.805,3,5,Quaternary,0.552,14.32,29,50,20.12,91.2,79.2,-0.857259828,-0.258060922,-0.594207233,6.510961919,1.959994838,4.513054897
251,cal,3.917,3.773,3,5,Quaternary,1.568,13.56,30.36,18.4,22.28,43.6,71.6,0.648925559,0.195346058,0.449800922,5.44625623,1.639486489,3.77505715
252,cal,3.925,3.779,3,5,Quaternary,0.855,14.24,29.2,11.4,21,29.68,59.6,-0.226003675,-0.068033885,-0.15665381,4.891419187,1.472463897,3.390473418
253,cal,4.252,3.292,3,2,Kimmeridgian,0.733,11.8,26,39.2,22.24,65.6,74,-0.448114897,-0.134896025,-0.310609577,6.03562391,1.816903839,4.183575696
254,cal,4.292,3.29,3,2,Kimmeridgian,2.08,11.92,31.68,71.6,28.64,52.8,110.8,1.056583528,0.318063335,0.732367894,5.722466024,1.722633923,3.966511191
255,cal,4.283,3.278,3,2,Kimmeridgian,0.844,13.88,37.12,21.04,26.48,34.68,90,-0.244685096,-0.073657553,-0.169602784,5.116031993,1.540079089,3.546163152
256,cal,3.53,4.999,1,1,Argovian,0.49,7.44,34.52,4.64,16.76,31.64,56.8,-1.029146346,-0.30980392,-0.713349888,4.983677695,1.500236475,3.454422143
257,cal,4.07,4.157,3,3,Sequanian,1.916,14.36,47.6,45.6,28.44,50,90.8,0.938097561,0.282395505,0.65023968,5.64385619,1.698970004,3.912023005
258,cal,4.61,3.315,1,2,Kimmeridgian,1.384,12.68,30.76,7.48,20.72,48,46.8,0.468843943,0.14113609,0.324977857,5.584962501,1.681241237,3.871201011
259,cal,3.605,5.345,3,3,Sequanian,0.849,9.04,29.48,18.4,17.56,35,58,-0.236163541,-0.07109231,-0.163696093,5.129283017,1.544068044,3.555348061
